dataset,num_cases,current_top1,reranker_top1,target_top1,delta_top1,current_top3,reranker_top3,target_top3,delta_top3,current_top5,reranker_top5,target_top5,delta_top5,current_rank_le_50,reranker_rank_le_50,delta_rank_le_50,case_gap_before_top1,case_gap_after_top1,case_gap_before_top3,case_gap_after_top3,case_gap_before_top5,case_gap_after_top5,deeprare_target_reached
DDD,761,0.3758212877792378,0.3587385019710907,0.48,-0.017082785808147094,0.4967148488830486,0.480946123521682,0.6,-0.015768725361366642,0.5400788436268068,0.5203679369250985,0.63,-0.019710906701708275,0.7437582128777924,0.7437582128777924,0.0,80.0,93.0,79.0,91.0,69.0,84.0,False
HMS,25,0.32,0.32,0.57,0.0,0.44,0.4,0.65,-0.03999999999999998,0.48,0.48,0.71,0.0,0.88,0.88,0.0,7.0,7.0,6.0,7.0,6.0,6.0,False
LIRICAL,59,0.5084745762711864,0.5084745762711864,0.56,0.0,0.6440677966101694,0.6440677966101694,0.65,0.0,0.6779661016949152,0.6779661016949152,0.68,0.0,0.847457627118644,0.847457627118644,0.0,4.0,4.0,1.0,1.0,1.0,1.0,False
MME,10,0.9,0.9,0.78,0.0,0.9,0.9,0.85,0.0,0.9,0.9,0.9,0.0,0.9,0.9,0.0,0.0,0.0,0.0,0.0,0.0,0.0,True
MyGene2,33,0.8787878787878788,0.8787878787878788,0.76,0.0,0.8787878787878788,0.8787878787878788,0.8,0.0,0.8787878787878788,0.8787878787878788,0.81,0.0,0.9696969696969696,0.9696969696969697,1.1102230246251565e-16,0.0,0.0,0.0,0.0,0.0,0.0,True
RAMEDIS,217,0.7880184331797235,0.7880184331797235,0.73,0.0,0.8755760368663594,0.8755760368663594,0.83,0.0,0.9308755760368664,0.9308755760368663,0.85,-1.1102230246251565e-16,0.9861751152073732,0.9861751152073732,0.0,0.0,0.0,0.0,0.0,0.0,0.0,True
mimic_test_recleaned_mondo_hpo_rows,1873,0.2092899092365189,0.21409503470368393,0.29,0.004805125467165022,0.3422317138280832,0.34223171382808326,0.37,5.551115123125783e-17,0.402562733582488,0.399359316604378,0.39,-0.0032034169781099964,0.6556326748531767,0.6246663107314468,-0.030966364121729817,152.0,143.0,53.0,53.0,0.0,0.0,False
ALL,2978,0.3106111484217596,0.30926796507723303,,-0.001343183344526544,0.435191403626595,0.4308260577568838,,-0.004365345869711157,0.4892545332437877,0.4822028206850235,,-0.007051712558764189,0.7122229684351914,0.6927468099395567,-0.019476158495634666,,,,,,,
