dataset,num_cases,top1,top3,top5,rank_le_50,gold_in_top50,median_rank,mean_rank,rank_gt_50_count,top50_rank_gt5_count,rank_1_count,rank_2_3_count,rank_4_5_count,rank_6_10_count,rank_11_50_count,rank_gt_50_bucket_count
DDD,761,0.30223390275952694,0.44415243101182655,0.4967148488830486,0.7450722733245729,0.7450722733245729,6.0,271.9303547963206,194,189,230,108,40,60,129,194
HMS,25,0.28,0.44,0.48,0.72,0.72,6.0,56.0,7,6,7,4,1,1,5,7
LIRICAL,59,0.5254237288135594,0.5932203389830508,0.6779661016949152,0.7796610169491526,0.7796610169491526,1.0,301.47457627118644,13,6,31,4,5,2,4,13
MME,10,0.9,0.9,0.9,0.9,0.9,1.0,9.7,1,0,9,0,0,0,0,1
MyGene2,33,0.8484848484848485,0.8787878787878788,0.8787878787878788,0.9696969696969697,0.9696969696969697,1.0,11.151515151515152,1,3,28,1,0,2,1,1
RAMEDIS,217,0.7741935483870968,0.8663594470046083,0.9308755760368663,0.9907834101382489,0.9907834101382489,1.0,4.645161290322581,2,13,168,20,14,5,8,2
mimic_test,1873,0.19167111585691404,0.2995194874532835,0.3539775760811532,0.615056059797117,0.615056059797117,20.0,401.1286705819541,721,489,359,202,102,119,370,721
ALL,2978,0.2793821356615178,0.39321692411014103,0.4476158495634654,0.6846877098723976,0.6846877098723976,9.0,328.7149093351242,939,706,832,339,162,189,517,939
